{
  "id": "7",
  "title": "108:A - Essential System Services",
  "questions": [
        {
      "id": 1,
      "type": "single",
      "question": "¿Cuál de los siguientes comandos se utiliza para examinar el diario o archivo de registro de systemd?",
      "options": [
        { "label": "a", "text": "journalist", "correct": false },
        { "label": "b", "text": "ctlj", "correct": false },
        { "label": "c", "text": "journalctl", "correct": true },
        { "label": "d", "text": "jctl", "correct": false }
      ],
      "feedback": "El comando journalctl se utiliza para trabajar con el diario de systemd. En sistemas basados en systemd, journalctl es un comando central para depuración y solución de problemas."
    },
    {
      "id": 2,
      "type": "single",
      "question": "¿Qué facilidad de registro del sistema se utiliza para los mensajes del kernel?",
      "options": [
        { "label": "a", "text": "syslog", "correct": false },
        { "label": "b", "text": "kernel", "correct": false },
        { "label": "c", "text": "kern", "correct": true },
        { "label": "d", "text": "system", "correct": false }
      ],
      "feedback": "La facilidad kern recibe mensajes del kernel para propósitos de registro. De las otras opciones, syslog se usa para registrar mensajes sobre sí mismo. Las otras dos opciones mostradas no son facilidades válidas de syslog."
    },
    {
      "id": 3,
      "type": "single",
      "question": "¿A qué dirección de servidor puedes configurar un cliente NTP para recibir la hora de un servidor local regional?",
      "options": [
        { "label": "a", "text": "127.0.0.1", "correct": false },
        { "label": "b", "text": "192.168.1.100", "correct": false },
        { "label": "c", "text": "ntp.example.com", "correct": false },
        { "label": "d", "text": "pool.ntp.org", "correct": true }
      ],
      "feedback": "ntp.org proporciona un servicio gratuito de sincronización horaria. Cuando usas pool.ntp.org como destino, normalmente recibirás un servidor NTP que está geográficamente cerca de tu ubicación, o al menos lo más cerca posible. Configurar tu dirección a 127.0.0.1 o 192.168.1.100 usará un servidor local, pero solo si ese servidor tiene un servicio NTP."
    },
    {
      "id": 4,
      "type": "single",
      "question": "¿Cuál es el nombre del servicio systemd que proporciona facilidades de registro?",
      "options": [
        { "label": "a", "text": "systemd-journald", "correct": true },
        { "label": "b", "text": "systemd-loggingd", "correct": false },
        { "label": "c", "text": "systemd-syslog", "correct": false },
        { "label": "d", "text": "systemd-logger", "correct": false }
      ],
      "feedback": "El servicio utilizado para el registro en un computador gestionado por systemd se llama systemd-journald. Usas journalctl para ver las entradas registradas en lugar del conjunto de herramientas estándar de Linux."
    },
    {
      "id": 5,
      "type": "single",
      "question": "¿Qué comando debes ejecutar después de hacer un cambio en los alias de correo en un servidor que ejecuta Postfix?",
      "options": [
        { "label": "a", "text": "service postfix restart", "correct": false },
        { "label": "b", "text": "newaliases", "correct": true },
        { "label": "c", "text": "alias -n", "correct": false },
        { "label": "d", "text": "postfix -e", "correct": false }
      ],
      "feedback": "El comando newaliases recrea la base de datos de alias en servidores que ejecutan Postfix, sendmail y qmail. No es necesario reiniciar el servidor de correo después de ejecutar newaliases. El comando alias mostrado en la opción C creará un alias para el shell de comandos pero no está relacionado con Postfix."
    },

    {
      "id": 6,
      "type": "single",
      "question": "¿Dentro de qué jerarquía de directorios encontrarás archivos de configuración relacionados con la impresión en el sistema CUPS?",
      "options": [
        { "label": "a", "text": "/etc/cupsd", "correct": false },
        { "label": "b", "text": "/etc/cups.d", "correct": false },
        { "label": "c", "text": "/etc/CUPS", "correct": false },
        { "label": "d", "text": "/etc/cups", "correct": true }
      ],
      "feedback": "Los archivos de configuración de CUPS se encuentran en /etc/cups. Sin embargo, también es común administrar CUPS a través de su interfaz web. Los otros directorios listados no son válidos."
    },
    {
      "id": 7,
      "type": "single",
      "question": "¿Qué directiva de control de acceso en un archivo de configuración de CUPS configura el sistema para aceptar conexiones de la red local con direcciones desde 192.168.1.1 hasta 192.168.1.127?",
      "options": [
        { "label": "a", "text": "Allow 192.168.1.0/25", "correct": true },
        { "label": "b", "text": "Allow 192.168.1.0/24", "correct": false },
        { "label": "c", "text": "Allow 127.0.0.0/8", "correct": false },
        { "label": "d", "text": "AllowHosts 192.168.1.0", "correct": false }
      ],
      "feedback": "La directiva Allow se usa para este propósito, y las direcciones 192.168.1.1 a 192.168.1.127 significan una notación CIDR /25, haciendo correcta la opción A. La opción B con máscara /24 permitiría direcciones adicionales (192.168.1.128 a 192.168.1.255), lo cual excede el rango requerido."
    },
    {
      "id": 8,
      "type": "single",
      "question": "¿Cuál de los siguientes comandos establecerá la fecha inmediatamente y puede usarse desde la línea de comandos en un script?",
      "options": [
        { "label": "a", "text": "ntpd", "correct": false },
        { "label": "b", "text": "ntpdate pool.ntp.org", "correct": true },
        { "label": "c", "text": "settime", "correct": false },
        { "label": "d", "text": "time", "correct": false }
      ],
      "feedback": "El comando ntpdate proporciona una interfaz de línea de comandos que cambia o establece la hora inmediatamente según el servidor NTP especificado. ntpd (opción A) ejecuta el demonio NTP y no sería apropiado para scripts. Los otros comandos no son válidos."
    },
    {
      "id": 9,
      "type": "single",
      "question": "Al ejecutar el comando ntpq, recibes el mensaje 'read: Connection refused'. ¿Qué indicaría esto típicamente?",
      "options": [
        { "label": "a", "text": "La red está caída", "correct": false },
        { "label": "b", "text": "El demonio NTP no está en ejecución", "correct": true },
        { "label": "c", "text": "El uso de NTP está prohibido administrativamente", "correct": false },
        { "label": "d", "text": "El usuario actual no tiene permiso para ejecutar ntpq", "correct": false }
      ],
      "feedback": "El mensaje 'Connection refused' en comandos NTP típicamente indica que el demonio no está corriendo. No hay indicación de que el comando consulte un servidor diferente, por lo que el estado de la red es irrelevante. Las opciones basadas en permisos no son válidas según el mensaje de error."
    },
    {
      "id": 10,
      "type": "single",
      "question": "¿Qué comando se usa para consultar y trabajar con el reloj de hardware del sistema?",
      "options": [
        { "label": "a", "text": "hwc", "correct": false },
        { "label": "b", "text": "ntpdate", "correct": false },
        { "label": "c", "text": "systime", "correct": false },
        { "label": "d", "text": "hwclock", "correct": true }
      ],
      "feedback": "El comando hwclock se usa tanto para consultar como para configurar el reloj de hardware (como el mantenido por el firmware/BIOS). ntpdate configura la hora del sistema local pero no está relacionado con el reloj de hardware. Los otros comandos no son válidos."
    },
        {
      "id": 11,
      "type": "single",
      "question": "¿En qué directorio se encuentra la cola de correo en un servidor qmail?",
      "options": [
        { "label": "a", "text": "/var/spool/qmail", "correct": false },
        { "label": "b", "text": "/var/spool/queue", "correct": true },
        { "label": "c", "text": "/var/spool/mailq", "correct": false },
        { "label": "d", "text": "/var/spool/qmail/queue", "correct": false }
      ],
      "feedback": "Los directorios de qmail se encuentran por defecto en /var/qmail. El directorio de cola es /var/qmail/queue. Los otros directorios no son válidos en una configuración por defecto de qmail."
    },
    {
      "id": 12,
      "type": "single",
      "question": "¿Qué nivel de syslog se utiliza para mensajes informativos?",
      "options": [
        { "label": "a", "text": "kern", "correct": false },
        { "label": "b", "text": "emerg", "correct": false },
        { "label": "c", "text": "debug", "correct": false },
        { "label": "d", "text": "info", "correct": true }
      ],
      "feedback": "El nivel de severidad 'info' proporciona mensajes informativos para una facilidad dada. 'emerg' se usa para mensajes de emergencia (no usados normalmente por aplicaciones), mientras que 'debug' es el nivel de logging más detallado. La configuración de syslog normalmente se encuentra en syslog.conf o syslogd.conf dentro del directorio /etc/."
    },
    {
      "id": 13,
      "type": "single",
      "question": "En /etc/ntp.conf, ¿cuál de las siguientes líneas de configuración establece la ubicación del archivo de deriva (drift file)?",
      "options": [
        { "label": "a", "text": "drift /var/lib/ntp/drift", "correct": false },
        { "label": "b", "text": "driftfile /var/lib/ntp/drift", "correct": true },
        { "label": "c", "text": "drift-file /var/lib/ntp/drift", "correct": false },
        { "label": "d", "text": "driftconfig /var/lib/ntp/drift", "correct": false }
      ],
      "feedback": "La opción 'driftfile' establece la ubicación del archivo de deriva para ntpd. Este archivo ayuda a mantener la precisión del tiempo. La ubicación mostrada es la predeterminada en Red Hat Enterprise Linux."
    },
    {
      "id": 14,
      "type": "single",
      "question": "¿Qué opción de configuración en /etc/logrotate.conf hará que el log sea enviado por correo a admin@example.com cuando se ejecute el proceso de rotación?",
      "options": [
        { "label": "a", "text": "mail admin@example.com", "correct": true },
        { "label": "b", "text": "sendmail admin@example.com", "correct": false },
        { "label": "c", "text": "maillog admin@example.com", "correct": false },
        { "label": "d", "text": "logmail admin@example.com", "correct": false }
      ],
      "feedback": "La opción 'mail' se utiliza para enviar el log a la dirección de correo especificada al completarse el proceso de logrotate. Las otras opciones mostradas no existen como opciones válidas en /etc/logrotate.conf."
    },
    {
      "id": 15,
      "type": "single",
      "question": "¿Cuál de los siguientes comandos se usa para determinar el espacio en disco utilizado por los archivos de log del diario de systemd?",
      "options": [
        { "label": "a", "text": "journalctl ––disk", "correct": false },
        { "label": "b", "text": "journalctl -du", "correct": false },
        { "label": "c", "text": "journalctl ––disk-usage", "correct": true },
        { "label": "d", "text": "journalctl -ls", "correct": false }
      ],
      "feedback": "El comando journalctl con la opción '––disk-usage' muestra el espacio en disco utilizado por los archivos de log del diario, que normalmente se almacenan en /var/log/journal. La configuración relacionada con el diario se encuentra en /etc/systemd/journald.conf."
    },
    {
      "id": 16,
      "type": "single",
      "question": "¿Cuál de los siguientes comandos muestra la cola de correo actual en un servidor Postfix?",
      "options": [
        { "label": "a", "text": "qmail", "correct": false },
        { "label": "b", "text": "mailqueue", "correct": false },
        { "label": "c", "text": "mail -q", "correct": false },
        { "label": "d", "text": "mailq", "correct": true }
      ],
      "feedback": "El comando mailq se usa en servidores Postfix para ver un resumen de la cola de correo actual. Los detalles incluyen el ID del correo que se está enviando junto con una o más direcciones de correo involucradas en la transacción. El comando mailq también puede funcionar con versiones recientes de sendmail."
    },
       {
      "id": 17,
      "type": "single",
      "question": "¿Qué comando puedes ejecutar para trabajar con el servidor NTP en modo interactivo cuando el demonio NTP está en ejecución?",
      "options": [
        { "label": "a", "text": "ntpd", "correct": false },
        { "label": "b", "text": "ntpdate", "correct": false },
        { "label": "c", "text": "ntpq", "correct": true },
        { "label": "d", "text": "ntp-interactive", "correct": false }
      ],
      "feedback": "El comando ntpq proporciona una interfaz interactiva tipo menú para el servidor NTP. Puedes usar ntpq para ver estadísticas de peers, por ejemplo. El comando ntpdate (opción B) se usa para establecer la hora desde la línea de comandos, mientras que ntpd (opción A) ejecuta el demonio NTP."
    },
    {
      "id": 18,
      "type": "single",
      "question": "Si quieres que todo el correo del usuario root sea enviado a admin@example.com, ¿cuál de las siguientes líneas en /etc/aliases logrará este objetivo?",
      "options": [
        { "label": "a", "text": "admin@example.com -> root", "correct": false },
        { "label": "b", "text": "root -> admin@example.com", "correct": false },
        { "label": "c", "text": "root, admin@example.com", "correct": false },
        { "label": "d", "text": "root: admin@example.com", "correct": true }
      ],
      "feedback": "El formato correcto es usuario: destino en el archivo de aliases, haciendo que la opción D sea la correcta. Las otras opciones no son sintaxis válida para el archivo de aliases."
    },
    {
      "id": 19,
      "type": "single",
      "question": "Cuando trabajas con klogd, ¿qué opción se puede usar para controlar el archivo donde se registrarán los mensajes?",
      "options": [
        { "label": "a", "text": "-d", "correct": false },
        { "label": "b", "text": "-f", "correct": true },
        { "label": "c", "text": "-v", "correct": false },
        { "label": "d", "text": "-l", "correct": false }
      ],
      "feedback": "La opción -f especifica el archivo donde se registrarán los mensajes. La opción -d se usa para depuración, mientras que -v muestra la versión de klogd. No existe una opción -l en klogd."
    },
    {
      "id": 20,
      "type": "single",
      "question": "¿En qué directorio encontrarás archivos de configuración para los diferentes logs que deben ser rotados con logrotate?",
      "options": [
        { "label": "a", "text": "/etc/logrotate", "correct": false },
        { "label": "b", "text": "/etc/logs", "correct": false },
        { "label": "c", "text": "/etc/logrotate.d", "correct": true },
        { "label": "d", "text": "/var/spool/logrotate", "correct": false }
      ],
      "feedback": "Los archivos de configuración individuales para las políticas de rotación de logs se encuentran en /etc/logrotate.d. Este directorio está incluido desde el archivo de configuración principal /etc/logrotate.conf."
    },
        {
      "id": 21,
      "type": "single",
      "question": "¿Cuál de los siguientes comandos coloca un archivo en la cola de impresión?",
      "options": [
        { "label": "a", "text": "lpr", "correct": true },
        { "label": "b", "text": "lpd", "correct": false },
        { "label": "c", "text": "lpq", "correct": false },
        { "label": "d", "text": "lpx", "correct": false }
      ],
      "feedback": "El comando lpr coloca un archivo (o entrada estándar) en la cola de impresión para que lpd lo procese. El comando lpq muestra la cola actual. No existe un comando lpx."
    },
    {
      "id": 22,
      "type": "single",
      "question": "¿Cuál de las siguientes opciones del comando sendmail muestra información sobre la cola de correo?",
      "options": [
        { "label": "a", "text": "-bi", "correct": false },
        { "label": "b", "text": "-queue", "correct": false },
        { "label": "c", "text": "-bp", "correct": true },
        { "label": "d", "text": "-f", "correct": false }
      ],
      "feedback": "La opción -bp en sendmail muestra información sobre la cola actual. No existen opciones -queue o -f relevantes para esta función. La opción -bi se usa para trabajar con la base de datos de aliases."
    },
    {
      "id": 23,
      "type": "single",
      "question": "¿Qué función del comando hwclock establece el reloj de hardware con la hora actual del sistema?",
      "options": [
        { "label": "a", "text": "-w", "correct": true },
        { "label": "b", "text": "-s", "correct": false },
        { "label": "c", "text": "-a", "correct": false },
        { "label": "d", "text": "-m", "correct": false }
      ],
      "feedback": "La opción -w establece el reloj de hardware con la hora actual del sistema. La opción -s hace lo contrario (establece la hora del sistema con el reloj de hardware). No existen funciones -a o -m en hwclock."
    },
    {
      "id": 24,
      "type": "single",
      "question": "¿Cuál es el puerto predeterminado para la interfaz web administrativa de CUPS?",
      "options": [
        { "label": "a", "text": "tcp/53", "correct": false },
        { "label": "b", "text": "tcp/8080", "correct": false },
        { "label": "c", "text": "udp/456", "correct": false },
        { "label": "d", "text": "tcp/631", "correct": true }
      ],
      "feedback": "El puerto TCP 631 se usa para la interfaz administrativa de CUPS. Al acceder a un servidor CUPS activo en este puerto se muestra el sitio web administrativo para trabajar con colas de impresión y otros elementos de configuración."
    },
    {
      "id": 25,
      "type": "single",
      "question": "¿Cuál de los siguientes comandos hace que sendmail intente entregar los mensajes en su cola?",
      "options": [
        { "label": "a", "text": "sendmail -q", "correct": true },
        { "label": "b", "text": "sendmail -b", "correct": false },
        { "label": "c", "text": "sendmail -f", "correct": false },
        { "label": "d", "text": "sendmail -v", "correct": false }
      ],
      "feedback": "La opción -q hace que sendmail intente entregar los mensajes de la cola. Puede combinarse con -v para mostrar salida detallada."
    },    {
      "id": 26,
      "type": "single",
      "question": "Necesitas crear una dirección de correo para aceptar mensajes en abuse@example.com, pero quieres que los reportes de abuso se envíen a múltiples direcciones dentro de tu organización. ¿Cuál de las siguientes opciones enviará el correo destinado a la cuenta abuse tanto a admin@example.com como a security@example.com?",
      "options": [
        { "label": "a", "text": "Crear un archivo .forward en el directorio home del usuario abuse y reenviar el correo según corresponda", "correct": false },
        { "label": "b", "text": "En /etc/aliases, agregar esto: abuse: admin@example.com,security@example.com", "correct": true },
        { "label": "c", "text": "Crear un archivo .forward para root y reenviar el correo según corresponda", "correct": false },
        { "label": "d", "text": "En /etc/aliases, agregar esto: abuse: admin@example.com\tsecurity@example.com", "correct": false }
      ],
      "feedback": "El requisito de múltiples direcciones de correo impide el uso de .forward; por lo tanto, debe configurarse en /etc/aliases. El formato para múltiples direcciones de correo es separarlas con comas, haciendo que la opción B sea la correcta."
    },
    {
      "id": 27,
      "type": "single",
      "question": "¿Cuál de los siguientes comandos establece el reloj de hardware a UTC basado en la hora actual del sistema?",
      "options": [
        { "label": "a", "text": "hwclock ––systohc ––utc", "correct": true },
        { "label": "b", "text": "hwclock ––systohc ––localtime", "correct": false },
        { "label": "c", "text": "hwclock ––systohc", "correct": false },
        { "label": "d", "text": "hwclock ––systoutc", "correct": false }
      ],
      "feedback": "La opción ––systohc establece el reloj de hardware según la hora actual del sistema. Se debe usar ––utc para asegurar que la hora se establezca en UTC. Si se omite ––utc, la hora usará la configuración del último comando ejecutado, que podría ser UTC pero también podría ser hora local. Por lo tanto, la mejor opción es la A."
    },
        {
      "id": 28,
      "type": "single",
      "question": "Necesitas eliminar todos los mensajes de la cola en un servidor Postfix. ¿Cuál de los siguientes comandos realizará esta acción?",
      "options": [
        { "label": "a", "text": "postqueue -remove", "correct": false },
        { "label": "b", "text": "rm -rf", "correct": false },
        { "label": "c", "text": "postfix -f", "correct": false },
        { "label": "d", "text": "postsuper -d ALL", "correct": true }
      ],
      "feedback": "El comando postsuper -d elimina mensajes de la cola. La palabra clave ALL elimina todos los mensajes de la cola. Debes tener cuidado al ejecutar este comando ya que es irreversible. No existe la opción -remove para postqueue y la opción -f de postfix no es relevante. El comando rm -rf mostrado no es específico y generalmente no se recomienda eliminar archivos manualmente de una cola de correo."
    },
    {
      "id": 29,
      "type": "single",
      "question": "¿Cuál de las siguientes URLs puede usarse para ver una lista de trabajos de impresión completados en CUPS?",
      "options": [
        { "label": "a", "text": "http://localhost:631/jobs?which_jobs=completed", "correct": true },
        { "label": "b", "text": "http://localhost:631?completed", "correct": false },
        { "label": "c", "text": "http://localhost:631/?completed", "correct": false },
        { "label": "d", "text": "http://cups/jobs=completed", "correct": false }
      ],
      "feedback": "La URL mostrada mostrará el área de trabajos del servidor CUPS local con un parámetro which_jobs=completed. Las otras URLs mostradas no son válidas."
    },
    {
      "id": 30,
      "type": "single",
      "question": "¿Qué opción del comando journalctl actualizará continuamente la pantalla a medida que se crean nuevas entradas de log?",
      "options": [
        { "label": "a", "text": "-tail", "correct": false },
        { "label": "b", "text": "-t", "correct": false },
        { "label": "c", "text": "-f", "correct": true },
        { "label": "d", "text": "-l", "correct": false }
      ],
      "feedback": "Al igual que tail -f actualiza continuamente la pantalla con nuevo contenido, la opción -f de journalctl muestra nuevas entradas a medida que se crean. La opción -t muestra mensajes para un identificador syslog dado. No existen las opciones -tail o -l."
    },
    {
      "id": 31,
      "type": "single",
      "question": "Asumiendo que la opción $ModLoad imudp está configurada en rsyslogd, ¿cuál de las siguientes opciones adicionales es necesaria para configurar el puerto en el que el servidor escuchará?",
      "options": [
        { "label": "a", "text": "$Port 514", "correct": false },
        { "label": "b", "text": "$UDPServerRun 514", "correct": true },
        { "label": "c", "text": "$Listen 514", "correct": false },
        { "label": "d", "text": "$UDPListen 514", "correct": false }
      ],
      "feedback": "La opción $UDPServerRun se usa para este propósito, donde el valor especifica el puerto de escucha. Las otras opciones mostradas no son elementos de configuración válidos para rsyslogd."
    },
        {
      "id": 32,
      "type": "single",
      "question": "¿Cuál de los siguientes comandos hace que se procese la cola de correo en un servidor Postfix?",
      "options": [
        { "label": "a", "text": "postqueue -f", "correct": true },
        { "label": "b", "text": "postqueue -D", "correct": false },
        { "label": "c", "text": "postfix -q", "correct": false },
        { "label": "d", "text": "postsuper -q", "correct": false }
      ],
      "feedback": "El comando postqueue -f se usa para procesar la cola. Este comando procesará todos los correos electrónicos que están esperando entrega. Los otros comandos no son válidos para este propósito."
    },
    {
      "id": 33,
      "type": "single",
      "question": "Cuando se ejecuta ntpd, el servidor no ajustará ni sincronizará si el tiempo difiere significativamente del servidor NTP. ¿Qué opción de ntpd desactiva esto y hace que el proceso de sincronización continúe incluso con grandes diferencias?",
      "options": [
        { "label": "a", "text": "ntpd -noskew", "correct": false },
        { "label": "b", "text": "ntpd -skewcheck=off", "correct": false },
        { "label": "c", "text": "ntpd -g 0", "correct": true },
        { "label": "d", "text": "ntpd -s 0", "correct": false }
      ],
      "feedback": "La opción -g especifica el desfase máximo que puede ajustarse al sincronizar el tiempo. Cuando se establece en 0, no hay verificación de desfase."
    },
    {
      "id": 34,
      "type": "single",
      "question": "¿Qué opción en journald.conf controla el tamaño máximo de archivo para los logs individuales del diario?",
      "options": [
        { "label": "a", "text": "SystemMaxFileSize", "correct": true },
        { "label": "b", "text": "MaxFile", "correct": false },
        { "label": "c", "text": "LogFileSize", "correct": false },
        { "label": "d", "text": "LogSize", "correct": false }
      ],
      "feedback": "La opción SystemMaxFileSize controla el tamaño del archivo de registro para evitar problemas de uso de disco. SystemMaxUse controla el tamaño total de archivos del diario, y el valor predeterminado de SystemMaxFileSize es 1/8 del valor de SystemMaxUse para permitir la rotación de archivos."
    },
    {
      "id": 35,
      "type": "single",
      "question": "¿Qué comando se puede ejecutar para ver trabajos de impresión completados?",
      "options": [
        { "label": "a", "text": "lpstat -q", "correct": false },
        { "label": "b", "text": "lpq", "correct": false },
        { "label": "c", "text": "lpstat -W completed", "correct": true },
        { "label": "d", "text": "lpqueue -c", "correct": false }
      ],
      "feedback": "El comando lpstat se usa para este propósito. Muestra información sobre impresoras, trabajos de impresión e información relacionada. La opción -W especifica qué trabajos mostrar (completados o no completados). lpq muestra la cola actual, y las otras opciones no son válidas."
    },
    {
      "id": 36,
      "type": "single",
      "question": "Al configurar la rotación de un archivo de log, necesitas ejecutar un script después de la rotación. ¿Qué opción de configuración permite este comportamiento?",
      "options": [
        { "label": "a", "text": "after-rotate", "correct": false },
        { "label": "b", "text": "run-script", "correct": false },
        { "label": "c", "text": "rotatecomplete", "correct": false },
        { "label": "d", "text": "postrotate", "correct": true }
      ],
      "feedback": "La opción postrotate en la configuración de rotación de logs se usa para este propósito. Después de postrotate, normalmente sigue una línea con el script o comandos a ejecutar. Las otras opciones mostradas no son válidas."
    },
    {
      "id": 37,
      "type": "single",
      "question": "Estás implementando un servidor Exim y necesitas configurar el firewall para permitir los puertos entrantes adecuados. ¿Qué protocolo y puerto debes permitir para tráfico SMTP normal?",
      "options": [
        { "label": "a", "text": "TCP/23", "correct": false },
        { "label": "b", "text": "TCP/25", "correct": true },
        { "label": "c", "text": "TCP/110", "correct": false },
        { "label": "d", "text": "TCP/143", "correct": false }
      ],
      "feedback": "SMTP opera en el puerto TCP 25. Si otros servidores se comunican con tu servidor SMTP, necesitarás escuchar en este puerto. El puerto 23 es para Telnet, 110 para POP3 y 143 para IMAP, ninguno de los cuales es necesario para tráfico SMTP."
    },
        {
      "id": 38,
      "type": "single",
      "question": "¿Qué comando se debe ejecutar después de hacer un cambio en la base de datos de acceso de sendmail (/etc/access)?",
      "options": [
        { "label": "a", "text": "makemap", "correct": true },
        { "label": "b", "text": "makedb", "correct": false },
        { "label": "c", "text": "newaccess", "correct": false },
        { "label": "d", "text": "rebuilddb", "correct": false }
      ],
      "feedback": "El comando makemap se usa para crear la base de datos hash en el formato correcto para sendmail. Los otros comandos no son válidos para sendmail."
    },
    {
      "id": 39,
      "type": "single",
      "question": "Cuando se trabaja con syslog-ng, ¿cuál es la ruta y nombre de archivo correctos para el archivo de configuración principal?",
      "options": [
        { "label": "a", "text": "/etc/syslog-ng/syslog-ng.conf", "correct": true },
        { "label": "b", "text": "/etc/syslog/syslog-ng.conf", "correct": false },
        { "label": "c", "text": "/etc/syslog-ng/ng.conf", "correct": false },
        { "label": "d", "text": "/etc/syslog-ng/ngd.conf", "correct": false }
      ],
      "feedback": "El archivo de configuración para syslog-ng se almacena en /etc/syslog-ng y se llama syslog-ng.conf. Normalmente no existe un directorio /etc/syslog, incluso en sistemas sin syslog-ng."
    },
    {
      "id": 40,
      "type": "single",
      "question": "Un desarrollador ha creado una aplicación y quiere aprovechar syslog para registrar en un archivo de log personalizado. ¿Qué facilidad debería usarse para una aplicación como esta?",
      "options": [
        { "label": "a", "text": "syslog", "correct": false },
        { "label": "b", "text": "kern", "correct": false },
        { "label": "c", "text": "local#", "correct": true },
        { "label": "d", "text": "user", "correct": false }
      ],
      "feedback": "La aplicación podría usar teóricamente cualquier facilidad de logging, pero el requisito de registrar en un archivo personalizado hace que las facilidades locales (local0 a local7) sean las más apropiadas, ya que los logs estándar del sistema no serían adecuados para este escenario."
    },
    {
      "id": 41,
      "type": "single",
      "question": "Un usuario necesita trabajar con elementos relacionados a impresión. ¿Cuál de los siguientes comandos agrega el usuario (llamado 'username' en las opciones) al grupo apropiado para este propósito?",
      "options": [
        { "label": "a", "text": "usermod -aG printerusers username", "correct": false },
        { "label": "b", "text": "usermod -aG lpadmin username", "correct": true },
        { "label": "c", "text": "usermod -gA lpadm username", "correct": false },
        { "label": "d", "text": "usermod -a lpadm username", "correct": false }
      ],
      "feedback": "El comando usermod con la opción -aG se usa para agregar un grupo a la lista de grupos del usuario. En este caso, el usuario necesita ser miembro del grupo lpadmin."
    },
    {
      "id": 42,
      "type": "single",
      "question": "¿Qué opción dentro de un archivo de configuración de logrotate desactiva la compresión del archivo de log?",
      "options": [
        { "label": "a", "text": "compressoff", "correct": false },
        { "label": "b", "text": "limitcompress", "correct": false },
        { "label": "c", "text": "nocompression", "correct": false },
        { "label": "d", "text": "nocompress", "correct": true }
      ],
      "feedback": "La opción nocompress se usa para evitar que el archivo de log sea comprimido como parte del proceso de rotación. Esto puede ser necesario en sistemas donde la compresión afecta el rendimiento o donde se necesita procesamiento adicional."
    },
    {
      "id": 43,
      "type": "single",
      "question": "¿Qué opción del comando date puede usarse para establecer la fecha y hora?",
      "options": [
        { "label": "a", "text": "date -f", "correct": false },
        { "label": "b", "text": "date -t", "correct": false },
        { "label": "c", "text": "date --change", "correct": false },
        { "label": "d", "text": "date -s", "correct": true }
      ],
      "feedback": "La opción -s establece la fecha y hora como se especifica en el comando. Si hay otro medio para establecer la fecha automáticamente (como ntpd), puede anular este cambio."
    },
    {
      "id": 44,
      "type": "single",
      "question": "¿Qué comando puede usarse para recopilar y mostrar estadísticas sobre el correo procesado en un servidor que ejecuta sendmail?",
      "options": [
        { "label": "a", "text": "mailq", "correct": false },
        { "label": "b", "text": "mailstats", "correct": true },
        { "label": "c", "text": "statmail", "correct": false },
        { "label": "d", "text": "sendmailstats", "correct": false }
      ],
      "feedback": "El comando mailstats se usa para este propósito. mailq muestra la cola de correo actual pero no estadísticas, y los otros comandos no son válidos."
    },
    {
      "id": 45,
      "type": "single",
      "question": "Cuando se ejecuta desde un script de shell, ¿qué comando permite el registro en syslog?",
      "options": [
        { "label": "a", "text": "logd", "correct": false },
        { "label": "b", "text": "login", "correct": false },
        { "label": "c", "text": "logit", "correct": false },
        { "label": "d", "text": "logger", "correct": true }
      ],
      "feedback": "El comando logger se usa para enviar mensajes a syslog y puede ejecutarse en un script de shell para aprovechar la robustez de syslog sin necesidad de implementar gestión de logs separada en el script."
    },
        {
      "id": 46,
      "type": "single",
      "question": "¿Cuál de los siguientes comandos puede usarse para reiniciar CUPS en un servidor que ejecuta systemd?",
      "options": [
        { "label": "a", "text": "systemctl restart cups.service", "correct": true },
        { "label": "b", "text": "systemctl restart cups", "correct": false },
        { "label": "c", "text": "systemctl reboots cups.target", "correct": false },
        { "label": "d", "text": "systemctl restart cups.target", "correct": false }
      ],
      "feedback": "El comando systemctl se usa para controlar servicios. En este caso, restart debe enviarse al servicio CUPS indicado como cups.service."
    },
    {
      "id": 47,
      "type": "single",
      "question": "Al revisar la configuración de syslog, notas un signo menos (−) precediendo varios archivos de log. ¿Qué significa el − en la configuración?",
      "options": [
        { "label": "a", "text": "El uso de − indica que el log puede rotarse en cualquier momento", "correct": false },
        { "label": "b", "text": "El uso de − indica que el sistema puede usar otras facilidades de logging cuando sea apropiado", "correct": false },
        { "label": "c", "text": "El uso de − omite el proceso de sincronización a disco para cada entrada en el log", "correct": true },
        { "label": "d", "text": "El uso de − comenta la línea", "correct": false }
      ],
      "feedback": "El uso de - indica que syslog no necesita sincronizar con el disco para cada entrada de log. Esto puede mejorar significativamente el rendimiento en sistemas ocupados, pero puede causar pérdida de entradas si no se ejecutó la sincronización antes de un fallo del sistema."
    },
    {
      "id": 48,
      "type": "single",
      "question": "¿Qué opción en un archivo de configuración de CUPS hace que el demonio escuche en todas las interfaces en el puerto 631?",
      "options": [
        { "label": "a", "text": "Port 631", "correct": true },
        { "label": "b", "text": "Listen All:631", "correct": false },
        { "label": "c", "text": "Listen 127.0.0.1:631", "correct": false },
        { "label": "d", "text": "Port All:631", "correct": false }
      ],
      "feedback": "La opción Port se usa para este propósito como alternativa a la directiva Listen. Con Listen se especifica dirección:puerto. La opción C, aunque válida sintácticamente, solo escucharía en la dirección localhost (127.0.0.1) y no en todas las interfaces."
    }
  ]
}
