{
  "id": "13",
  "title": "106 - Understading User Interfaces and Desktops",
  "questions": [
    {
      "id": 1,
      "type": "single",
      "question": "¿En qué archivo de configuración se configura el greeter para lightdm?",
      "options": [
        { "label": "a", "text": "/etc/lightdm/lightdm.conf", "correct": true },
        { "label": "b", "text": "/etc/lightdm/greeter.conf", "correct": false },
        { "label": "c", "text": "/etc/lightdm.conf", "correct": false },
        { "label": "d", "text": "/var/lib/lightdm/lightdm.conf", "correct": false }
      ],
      "feedback": "El greeter se configura a través de /etc/lightdm/lightdm.conf usando la opción greeter-session. Las otras opciones proporcionadas no son válidas."
    },
    {
      "id": 2,
      "type": "single",
      "question": "¿Qué sección en /etc/X11/xorg.conf se usa para describir configuraciones para un par de tarjeta gráfica y monitor?",
      "options": [
        { "label": "a", "text": "Server", "correct": false },
        { "label": "b", "text": "Screen", "correct": true },
        { "label": "c", "text": "VidMode", "correct": false },
        { "label": "d", "text": "Video", "correct": false }
      ],
      "feedback": "La sección Screen de xorg.conf se usa para vincular lógicamente una tarjeta gráfica y un monitor, cada uno de los cuales se definiría en su propia sección respectiva en el archivo de configuración. Las otras opciones mostradas no existen."
    },
    {
      "id": 3,
      "type": "single",
      "question": "Al configurar las opciones de frecuencia para un monitor, ¿cuál de las siguientes no es una unidad de frecuencia disponible?",
      "options": [
        { "label": "a", "text": "uHz", "correct": true },
        { "label": "b", "text": "MHz", "correct": false },
        { "label": "c", "text": "kHz", "correct": false },
        { "label": "d", "text": "M", "correct": false }
      ],
      "feedback": "Las opciones de frecuencia son Hz, k, kHz, M o MHz, lo que hace que uHz no sea una opción disponible."
    },
    {
      "id": 4,
      "type": "single",
      "question": "¿Qué comando en un sistema basado en systemd se usa para deshabilitar el arranque en una GUI?",
      "options": [
        { "label": "a", "text": "systemctl gui-boot disable", "correct": false },
        { "label": "b", "text": "systemctl set-default boot-gui false", "correct": false },
        { "label": "c", "text": "systemctl set-default multi-user.target", "correct": true },
        { "label": "d", "text": "systemctl set-default-multi false", "correct": false }
      ],
      "feedback": "El comando systemctl set-default se usa para este propósito, y el target multi-user se usa para arrancar en la línea de comandos. También se debe eliminar la palabra splash de /etc/default/grub y ejecutar update-grub."
    },
    {
      "id": 5,
      "type": "single",
      "question": "Suponiendo que el reenvío X se ha habilitado en el servidor ssh, ¿qué variable de entorno se usa para establecer la ubicación de nuevas ventanas generadas dentro de una sesión ssh?",
      "options": [
        { "label": "a", "text": "DISPLAY", "correct": true },
        { "label": "b", "text": "XTERMINAL", "correct": false },
        { "label": "c", "text": "XTERM", "correct": false },
        { "label": "d", "text": "XDISP", "correct": false }
      ],
      "feedback": "La variable DISPLAY se puede usar para enviar las ventanas de una sesión X remotamente a otra computadora cuando se usan protocolos como ssh. No existe una variable de entorno XTERMINAL o XDISP, y XTERM es típicamente una ventana de terminal y no una variable de entorno."
    },
    {
      "id": 6,
      "type": "single",
      "question": "Dentro de la sección greeter de un administrador de pantalla como GDM, ¿qué opción establece el mensaje de bienvenida para usuarios que inician sesión localmente?",
      "options": [
        { "label": "a", "text": "LoginMessage", "correct": false },
        { "label": "b", "text": "Login", "correct": false },
        { "label": "c", "text": "WinGreet", "correct": false },
        { "label": "d", "text": "Welcome", "correct": true }
      ],
      "feedback": "La opción Welcome establece el mensaje que se mostrará a los usuarios dentro del administrador de pantalla cuando inicien sesión. Para usuarios remotos, se puede usar el mensaje RemoteWelcome para el mismo propósito."
    },
    {
      "id": 7,
      "type": "single",
      "question": "Dentro de GNOME, ¿habilitar las teclas pegajosas se puede hacer presionando qué tecla cinco veces seguidas?",
      "options": [
        { "label": "a", "text": "Ctrl", "correct": false },
        { "label": "b", "text": "Enter", "correct": false },
        { "label": "c", "text": "Shift", "correct": true },
        { "label": "d", "text": "Tab", "correct": false }
      ],
      "feedback": "La tecla Shift se puede usar para habilitar y deshabilitar las teclas pegajosas dentro de GNOME y otros sistemas operativos con fines de accesibilidad."
    },
    {
      "id": 8,
      "type": "single",
      "question": "¿Qué opción en la sección Module del archivo de configuración xorg.conf hace que un módulo predeterminado no se cargue o se descargue?",
      "options": [
        { "label": "a", "text": "Disable", "correct": true },
        { "label": "b", "text": "Unload", "correct": false },
        { "label": "c", "text": "LoadDisable", "correct": false },
        { "label": "d", "text": "DisableLoad", "correct": false }
      ],
      "feedback": "La palabra clave Disable se usa para asegurar que un módulo dado no se cargue. Una declaración Load para el mismo módulo tiene prioridad sobre Disable, pero Disable puede usarse para descargar módulos que se cargan por defecto."
    },
    {
      "id": 9,
      "type": "single",
      "question": "¿Qué programa se usa en un entorno GNOME como lector de pantalla?",
      "options": [
        { "label": "a", "text": "Orca", "correct": true },
        { "label": "b", "text": "Screed", "correct": false },
        { "label": "c", "text": "Screen", "correct": false },
        { "label": "d", "text": "Reader", "correct": false }
      ],
      "feedback": "El proyecto Orca proporciona capacidades de lectura de pantalla asistiva dentro de GNOME. De las otras opciones dadas, el comando screen es válido pero no se usa para este propósito."
    },
    {
      "id": 10,
      "type": "single",
      "question": "Suponiendo un monitor configurado actualmente en 1024×768, ¿qué comando cambiará la resolución de la pantalla para que los iconos y otros elementos aparezcan más grandes?",
      "options": [
        { "label": "a", "text": "xterm -r 0", "correct": false },
        { "label": "b", "text": "xset res 1024x768", "correct": false },
        { "label": "c", "text": "xrandr -s 800x600", "correct": true },
        { "label": "d", "text": "xVGA", "correct": false }
      ],
      "feedback": "El comando xrandr se puede usar para cambiar la resolución, y cambiarla a algo como 800×600 haría que los iconos y otros elementos aparezcan más grandes."
    },
        {
      "id": 11,
      "type": "single",
      "question": "LightDM normalmente permite el inicio de sesión de invitado por defecto. ¿Qué opción de configuración dentro de SeatDefaults cambia esto para no permitir invitados?",
      "options": [
        { "label": "a", "text": "guest-login=false", "correct": false },
        { "label": "b", "text": "guest=false", "correct": false },
        { "label": "c", "text": "allowg=false", "correct": false },
        { "label": "d", "text": "allow-guest=false", "correct": true }
      ],
      "feedback": "La opción allow-guest cambia el comportamiento del inicio de sesión de invitado para LightDM, y no permitir el inicio de invitados generalmente hace que la computadora sea algo más segura, aunque si alguien tiene acceso físico al dispositivo podría obtener acceso de otras maneras."
    },
    {
      "id": 12,
      "type": "single",
      "question": "Cuando se usa XFree86 como servidor X, ¿qué comando hará que el servidor X consulte el hardware y cree un nuevo archivo de configuración?",
      "options": [
        { "label": "a", "text": "XFree86 ––newconfig", "correct": false },
        { "label": "b", "text": "XFree86 ––query", "correct": false },
        { "label": "c", "text": "XFree86 -configure", "correct": true },
        { "label": "d", "text": "xf -config", "correct": false }
      ],
      "feedback": "El comando XFree86 -configure le indica al servidor XFree86 que consulte el hardware y cree una configuración para el hardware reconocido. Nota: es posible que aún necesites editar el archivo de configuración resultante debido a hardware no reconocido o para ajustar elementos específicos."
    },
    {
      "id": 13,
      "type": "single",
      "question": "¿Qué opción de configuración para X se usa para configurar el modelo de teclado?",
      "options": [
        { "label": "a", "text": "XkbLayout", "correct": false },
        { "label": "b", "text": "XkbModel", "correct": true },
        { "label": "c", "text": "XkbType", "correct": false },
        { "label": "d", "text": "XkbInput", "correct": false }
      ],
      "feedback": "La opción XkbModel se usa para establecer el tipo de teclado que se está utilizando, como pc105 para un teclado de 105 teclas. La opción XkbLayout define la disposición del teclado, como US para teclados estilo Estados Unidos."
    },
    {
      "id": 14,
      "type": "single",
      "question": "¿Qué línea de configuración dentro de una sección Monitor de un archivo de configuración del servidor X establecerá la tasa de refresco vertical entre 55 y 75 hertz?",
      "options": [
        { "label": "a", "text": "Vert 55–75", "correct": false },
        { "label": "b", "text": "VertRefresh 55.0—75.0", "correct": true },
        { "label": "c", "text": "VertSync 55.0—75.0", "correct": false },
        { "label": "d", "text": "RefreshMode 55.0—75.0", "correct": false }
      ],
      "feedback": "La opción VertRefresh se usa para este propósito y acepta un rango de valores de la manera mostrada. Las otras opciones dadas para esta pregunta no son válidas para el propósito descrito."
    },
    {
      "id": 15,
      "type": "single",
      "question": "Desde una sesión X, ¿cuál de los siguientes comandos muestra información sobre la pantalla, incluyendo resolución y profundidad de color?",
      "options": [
        { "label": "a", "text": "xinfo", "correct": false },
        { "label": "b", "text": "xterm", "correct": false },
        { "label": "c", "text": "xwin", "correct": false },
        { "label": "d", "text": "xdpyinfo", "correct": true }
      ],
      "feedback": "El comando xdpyinfo muestra varios elementos sobre la(s) pantalla(s) actual(es) junto con información sobre el propio X."
    },
    {
      "id": 16,
      "type": "single",
      "question": "¿Qué AccelerationProfile para un dispositivo de entrada como un mouse habilita la aceleración lineal (más velocidad y más aceleración)?",
      "options": [
        { "label": "a", "text": "0", "correct": false },
        { "label": "b", "text": "-1", "correct": false },
        { "label": "c", "text": "6", "correct": true },
        { "label": "d", "text": "7", "correct": false }
      ],
      "feedback": "El perfil de aceleración lineal se habilita configurando AccelerationProfile a 6 dentro de xorg.conf. La configuración 0 se conoce como clásica, mientras que -1 proporciona aceleración constante (sin perfil), y 7 se conoce como limitada, que funciona igual que lineal pero con una cantidad máxima de velocidad y aceleración."
    },
    {
      "id": 17,
      "type": "single",
      "question": "¿Cuál de los siguientes directorios es usado por un servidor basado en X.org para almacenar fuentes?",
      "options": [
        { "label": "a", "text": "/usr/share/fonts", "correct": true },
        { "label": "b", "text": "/usr/X11/fonts", "correct": false },
        { "label": "c", "text": "/etc/fonts", "correct": false },
        { "label": "d", "text": "/var/font/xorg", "correct": false }
      ],
      "feedback": "La jerarquía /usr/share/fonts se usa para almacenar fuentes. Otra ruta que podría contener información de fuentes es /usr/share/X11/fonts, pero esa no estaba entre las opciones dadas para esta pregunta."
    },
    {
      "id": 18,
      "type": "single",
      "question": "El soporte nativo para una pantalla Braille requiere un mínimo de ¿qué versión del kernel?",
      "options": [
        { "label": "a", "text": "2.2.0", "correct": false },
        { "label": "b", "text": "2.4.22", "correct": false },
        { "label": "c", "text": "2.6.26", "correct": true },
        { "label": "d", "text": "3.2.1", "correct": false }
      ],
      "feedback": "Las versiones del kernel a partir de 2.6.26 incluyen soporte nativo para pantallas Braille en Linux."
    },
    {
      "id": 19,
      "type": "single",
      "question": "¿Qué opción de configuración en un archivo xorg.conf puede establecerse para evitar que un usuario cambie modos de video usando Ctrl+Alt+Teclado Plus y Ctrl+Alt+Teclado Minus?",
      "options": [
        { "label": "a", "text": "DontZoom", "correct": true },
        { "label": "b", "text": "Modes=No", "correct": false },
        { "label": "c", "text": "NoModeSwitch", "correct": false },
        { "label": "d", "text": "DontZap", "correct": false }
      ],
      "feedback": "La opción DontZoom evita que las combinaciones de teclas especificadas cambien el modo de video. De las otras opciones, DontZap cambia el comportamiento de la combinación Ctrl+Alt+Retroceso. Las otras opciones no tienen ningún efecto y no son válidas en xorg.conf."
    },
    {
      "id": 20,
      "type": "single",
      "question": "GNOME incluye funcionalidad nativa de teclado en pantalla. ¿Cuál de los siguientes comandos inicia el teclado en pantalla?",
      "options": [
        { "label": "a", "text": "gok", "correct": true },
        { "label": "b", "text": "osk", "correct": false },
        { "label": "c", "text": "kb", "correct": false },
        { "label": "d", "text": "gdm", "correct": false }
      ],
      "feedback": "El comando gok, abreviatura de GNOME On-screen Keyboard, es el programa para iniciar el teclado en pantalla. El programa Caribou será el sucesor de gok."
    },
        {
      "id": 21,
      "type": "single",
      "question": "Cuando se usa GDM como administrador de pantalla, ¿qué programa GUI se puede usar para establecer opciones para la ventana de inicio de sesión?",
      "options": [
        { "label": "a", "text": "gdmlogin", "correct": false },
        { "label": "b", "text": "gdmconfig", "correct": false },
        { "label": "c", "text": "gdmsetup", "correct": true },
        { "label": "d", "text": "gdm", "correct": false }
      ],
      "feedback": "El programa gdmsetup se utiliza para configurar varias opciones para la ventana y entorno de inicio de sesión, incluyendo aquellas para usuarios locales y remotos. Las otras opciones mostradas no se usan para este propósito o no existen."
    },
    {
      "id": 22,
      "type": "single",
      "question": "Cuando se usa KDE, ¿qué programa proporciona funcionalidad de ampliación?",
      "options": [
        { "label": "a", "text": "xmag", "correct": false },
        { "label": "b", "text": "mag", "correct": false },
        { "label": "c", "text": "pmag", "correct": false },
        { "label": "d", "text": "kmag", "correct": true }
      ],
      "feedback": "El programa kmag amplía elementos en el escritorio y se usa como tecnología de asistencia. En general, kmag puede usarse también con otros administradores de ventanas."
    },
    {
      "id": 23,
      "type": "single",
      "question": "¿Qué opción en la sección SeatDefaults del archivo de configuración lightdm.conf se usa para deshabilitar la visualización de nombres de usuario para el inicio de sesión?",
      "options": [
        { "label": "a", "text": "greeter-disable-user", "correct": false },
        { "label": "b", "text": "greeter-enable-login", "correct": false },
        { "label": "c", "text": "greeter-show-manual-login", "correct": true },
        { "label": "d", "text": "greeter-disable-auto-login", "correct": false }
      ],
      "feedback": "La opción greeter-show-manual-login, cuando se establece en true, requerirá que el usuario ingrese un nombre de usuario para iniciar sesión en lugar de seleccionarlo de una lista."
    },
    {
      "id": 24,
      "type": "single",
      "question": "Dentro de GNOME, ¿qué sección del Centro de Control de GNOME se usa para elegir un tema de alto contraste?",
      "options": [
        { "label": "a", "text": "Display", "correct": false },
        { "label": "b", "text": "Appearance", "correct": true },
        { "label": "c", "text": "Locale", "correct": false },
        { "label": "d", "text": "Contrast", "correct": false }
      ],
      "feedback": "La sección Appearance del Centro de Control de GNOME se usa para establecer muchos aspectos de cómo aparece y se comporta el escritorio, incluyendo la elección de un tema de alto contraste."
    },
    {
      "id": 25,
      "type": "single",
      "question": "¿Cuál de las siguientes opciones describe mejor el concepto de un gesto del mouse?",
      "options": [
        { "label": "a", "text": "Un gesto del mouse habilita clics especiales, como el menú contextual con clic derecho.", "correct": false },
        { "label": "b", "text": "Un gesto del mouse facilita el uso de programas moviendo el mouse de cierta manera.", "correct": true },
        { "label": "c", "text": "Un gesto del mouse se usa para propósitos de inicio de sesión.", "correct": false },
        { "label": "d", "text": "Un gesto del mouse se usa para capturar pantallazos.", "correct": false }
      ],
      "feedback": "Los gestos del mouse comúnmente se asocian con tecnologías de asistencia y ayudan a facilitar el uso de programas moviendo el mouse de cierta manera. Los gestos del mouse podrían usarse para inicio de sesión y capturar pantallazos, pero esas no son descripciones adecuadas o generales de su uso."
    },
    {
      "id": 26,
      "type": "single",
      "question": "En GNOME 3.9 o posterior, ¿qué atajo de teclado activa el lector de pantalla?",
      "options": [
        { "label": "a", "text": "Super+R", "correct": false },
        { "label": "b", "text": "Super+S", "correct": false },
        { "label": "c", "text": "Ctrl+Super+S", "correct": false },
        { "label": "d", "text": "Alt+Super+S", "correct": true }
      ],
      "feedback": "El atajo de teclado Alt+Super+S activa el lector de pantalla en GNOME 3.9 o posterior. El atajo Super+S entra en Overview. Los otros atajos proporcionados no tienen un significado especial por defecto."
    },
    {
      "id": 27,
      "type": "single",
      "question": "Suponiendo que el administrador de pantalla ha sido deshabilitado al arrancar. ¿Qué comando puede usarse después del inicio de sesión para iniciar el servidor X?",
      "options": [
        { "label": "a", "text": "xs", "correct": false },
        { "label": "b", "text": "xstart", "correct": false },
        { "label": "c", "text": "X -start", "correct": false },
        { "label": "d", "text": "startx", "correct": true }
      ],
      "feedback": "El comando startx inicia el administrador de pantalla después de iniciar sesión en una terminal local. Los otros comandos mostrados no existen o no funcionan para el propósito descrito."
    },
    {
      "id": 28,
      "type": "single",
      "question": "¿Qué opción en un archivo de configuración xorg.conf configura la cantidad de tiempo antes de que la pantalla entre en modo blanco pero no entre en espera y está disponible en monitores no compatibles con DPMS?",
      "options": [
        { "label": "a", "text": "StandbyTime", "correct": false },
        { "label": "b", "text": "BlankTime", "correct": true },
        { "label": "c", "text": "SuspendTime", "correct": false },
        { "label": "d", "text": "OffTime", "correct": false }
      ],
      "feedback": "La opción BlankTime, que por defecto está establecida en 10 minutos, hace que el monitor se ponga en blanco pero no entre realmente en modo de espera u otros modos de ahorro de energía."
    },
    {
      "id": 29,
      "type": "single",
      "question": "¿Cuál de los siguientes comandos te ayuda a determinar información sobre una ventana específica dentro de una sesión X, incluyendo información sobre el tamaño de la ventana y su posición?",
      "options": [
        { "label": "a", "text": "xkbinfo", "correct": false },
        { "label": "b", "text": "xdspy", "correct": false },
        { "label": "c", "text": "xwininfo", "correct": true },
        { "label": "d", "text": "xver", "correct": false }
      ],
      "feedback": "El comando xwininfo muestra información sobre una ventana específica dentro de una sesión X. Los otros comandos listados no son válidos."
    },
    {
      "id": 30,
      "type": "single",
      "question": "¿Qué opción/botón dentro de GOK se usa para mostrar las teclas que se usarían en lugar de un mouse?",
      "options": [
        { "label": "a", "text": "Mouse", "correct": true },
        { "label": "b", "text": "MouseKeys", "correct": false },
        { "label": "c", "text": "Movement", "correct": false },
        { "label": "d", "text": "Compose", "correct": false }
      ],
      "feedback": "El botón Mouse muestra teclas para mover el mouse. El botón Compose muestra un teclado de composición, y las otras opciones no son válidas."
    },
        {
      "id": 31,
      "type": "single",
      "question": "¿Cuál de los siguientes comandos permite que un host llamado cwa se conecte al servidor X?",
      "options": [
        { "label": "a", "text": "xconnect cwa", "correct": false },
        { "label": "b", "text": "xterm +cwa", "correct": false },
        { "label": "c", "text": "xhost +cwa", "correct": true },
        { "label": "d", "text": "xf cwa", "correct": false }
      ],
      "feedback": "El comando xhost se usa para controlar el acceso al servidor X. Un host se agrega con el signo + y se elimina anteponiendo el comando con el signo -."
    },
    {
      "id": 32,
      "type": "single",
      "question": "¿Cuál de las siguientes opciones en el archivo de configuración ssh necesita estar habilitada para que las sesiones X puedan enviarse a través de una conexión ssh?",
      "options": [
        { "label": "a", "text": "X11Connect yes", "correct": false },
        { "label": "b", "text": "ForwardX11 yes", "correct": true },
        { "label": "c", "text": "ForwardX yes", "correct": false },
        { "label": "d", "text": "XForward yes", "correct": false }
      ],
      "feedback": "La opción ForwardX11 debe estar habilitada para que las conexiones X o ventanas generadas desde el servidor X se envíen a través de una conexión ssh."
    },
    {
      "id": 33,
      "type": "single",
      "question": "¿Qué opción de configuración en una sección Files de un archivo de configuración xorg.conf puede usarse para agregar una ruta en la que el servidor buscará fuentes?",
      "options": [
        { "label": "a", "text": "FontSection", "correct": false },
        { "label": "b", "text": "Fonts", "correct": false },
        { "label": "c", "text": "FontLoc", "correct": false },
        { "label": "d", "text": "FontPath", "correct": true }
      ],
      "feedback": "La directiva FontPath proporciona otra ubicación en la que el servidor puede encontrar fuentes. Las otras opciones no existen dentro del contexto de un archivo de configuración xorg.conf."
    },
    {
      "id": 34,
      "type": "single",
      "question": "¿Qué tecnología de asistencia se usa para proporcionar un método de entrada para usuarios que no pueden escribir pero pueden usar un puntero, como un mouse?",
      "options": [
        { "label": "a", "text": "Keyboard", "correct": false },
        { "label": "b", "text": "Sticky keys", "correct": false },
        { "label": "c", "text": "Mouse keys", "correct": false },
        { "label": "d", "text": "On-screen keyboard", "correct": true }
      ],
      "feedback": "Con un teclado en pantalla, los usuarios pueden utilizar un puntero como un mouse para seleccionar teclas en el teclado."
    },
    {
      "id": 35,
      "type": "single",
      "question": "¿Qué tecnología de asistencia ignorará las teclas que se presionan en sucesión o se mantienen presionadas?",
      "options": [
        { "label": "a", "text": "Sticky keys", "correct": false },
        { "label": "b", "text": "Mouse keys", "correct": false },
        { "label": "c", "text": "Bounce keys", "correct": true },
        { "label": "d", "text": "On-screen keyboard", "correct": false }
      ],
      "feedback": "Las teclas de rebote (Bounce keys) hacen que la interfaz no reaccione cuando las teclas se presionan accidentalmente en sucesión o se mantienen presionadas."
    },
    {
      "id": 36,
      "type": "single",
      "question": "Cuando se usa LightDM, ¿qué combinación de teclas se usa para revertir a una terminal?",
      "options": [
        { "label": "a", "text": "Alt+Ctrl+F2", "correct": false },
        { "label": "b", "text": "Alt+Ctrl+F1", "correct": true },
        { "label": "c", "text": "Ctrl+F1", "correct": false },
        { "label": "d", "text": "Ctrl+Esc", "correct": false }
      ],
      "feedback": "La combinación de teclas Alt+Ctrl+F1 se usa para llegar a un prompt de terminal, y es útil en situaciones donde el servidor X no se inicia correctamente."
    },
    {
      "id": 37,
      "type": "single",
      "question": "¿Qué opción en la configuración de LightDM habilita el inicio de sesión automático para un usuario específico?",
      "options": [
        { "label": "a", "text": "auto-login", "correct": false },
        { "label": "b", "text": "autologin-user", "correct": true },
        { "label": "c", "text": "autologin", "correct": false },
        { "label": "d", "text": "auto-login-user", "correct": false }
      ],
      "feedback": "La opción autologin-user se usa para definir un usuario que iniciará sesión automáticamente en el sistema. Las otras opciones dadas en esta pregunta no existen."
    },
    {
      "id": 38,
      "type": "single",
      "question": "¿Cuál de los siguientes es un utilitario heredado que puede usarse para configurar opciones de accesibilidad en sistemas antiguos?",
      "options": [
        { "label": "a", "text": "Xaccessibility", "correct": false },
        { "label": "b", "text": "Xas", "correct": false },
        { "label": "c", "text": "AccessX", "correct": true },
        { "label": "d", "text": "setX", "correct": false }
      ],
      "feedback": "El utilitario AccessX se usa en sistemas heredados o antiguos para configurar muchas de las opciones de accesibilidad. La funcionalidad proporcionada por AccessX normalmente se puede encontrar en uno de los utilitarios proporcionados por el administrador de ventanas X nativo, dependiendo del administrador de ventanas en uso."
    },
    {
      "id": 39,
      "type": "single",
      "question": "¿Qué comando, cuando se ejecuta en un host remoto, enviará la pantalla de programas X al cliente local? (Asumir el uso de Bash para el shell.)",
      "options": [
        { "label": "a", "text": "export DISPLAY", "correct": true },
        { "label": "b", "text": "env DISPLAY", "correct": false },
        { "label": "c", "text": "setx HOST", "correct": false },
        { "label": "d", "text": "export XHOST", "correct": false }
      ],
      "feedback": "El comando export del shell establece una variable de entorno. En este caso, la variable de entorno DISPLAY necesita ser establecida. El comando env mostrado no establecerá la variable."
    },
    {
      "id": 40,
      "type": "single",
      "question": "¿Qué opción en GOK se usa para mostrar las teclas que corresponden al menú de una aplicación dada?",
      "options": [
        { "label": "a", "text": "Menus", "correct": true },
        { "label": "b", "text": "Activate", "correct": false },
        { "label": "c", "text": "MenuKeys", "correct": false },
        { "label": "d", "text": "Keys", "correct": false }
      ],
      "feedback": "La opción Menus muestra las opciones de menú para una aplicación dada para que esas opciones puedan manipularse con el teclado. La opción Activate ayuda a trabajar con el escritorio y otras aplicaciones. Las otras opciones mostradas para esta pregunta no son válidas."
    },
        {
      "id": 41,
      "type": "single",
      "question": "¿Qué directorio se usa para almacenar archivos de configuración individuales relacionados con LightDM?",
      "options": [
        { "label": "a", "text": "/etc/light", "correct": false },
        { "label": "b", "text": "/etc/lightdm/lightdm.conf.d", "correct": true },
        { "label": "c", "text": "/usr/lightdm", "correct": false },
        { "label": "d", "text": "/etc/lightdm.conf", "correct": false }
      ],
      "feedback": "El directorio /etc/lightdm/lightdm.conf.d contiene archivos de configuración *.conf individuales para varias configuraciones, y normalmente se analiza junto con el archivo /etc/lightdm/lightdm.conf."
    },
    {
      "id": 42,
      "type": "single",
      "question": "¿Qué comando cambiará el sistema a un init en el que normalmente no se ejecuta el servidor X?",
      "options": [
        { "label": "a", "text": "telinit 6", "correct": false },
        { "label": "b", "text": "telinit 1", "correct": false },
        { "label": "c", "text": "telinit 3", "correct": true },
        { "label": "d", "text": "telinit 5", "correct": false }
      ],
      "feedback": "En el nivel de ejecución 3, accedido a través del comando telinit, el servidor X normalmente no se ejecuta. El nivel de ejecución 6 apagará el sistema. El nivel de ejecución 1 cambia a modo monousuario, mientras que el nivel de ejecución 5 es un modo multiusuario en el que X normalmente se está ejecutando."
    },
    {
      "id": 43,
      "type": "single",
      "question": "¿Qué opción dentro de la sección Device para una tarjeta de video establecerá la cantidad de RAM disponible en la tarjeta?",
      "options": [
        { "label": "a", "text": "VRAM", "correct": false },
        { "label": "b", "text": "RAM", "correct": false },
        { "label": "c", "text": "VideoRam", "correct": true },
        { "label": "d", "text": "vRam", "correct": false }
      ],
      "feedback": "La opción VideoRam, que se puede expresar en bytes, configura la cantidad de RAM disponible para la tarjeta de video."
    },
    {
      "id": 44,
      "type": "single",
      "question": "Al configurar una sección Screen en un archivo de configuración X, la subsección Display puede contener la profundidad de color. ¿Cuál es el nombre de la opción para establecer la profundidad de color de la pantalla dada?",
      "options": [
        { "label": "a", "text": "ColorDepth", "correct": false },
        { "label": "b", "text": "Depth", "correct": true },
        { "label": "c", "text": "CDepth", "correct": false },
        { "label": "d", "text": "colorDep", "correct": false }
      ],
      "feedback": "La opción Depth establece la profundidad de color para una pantalla de monitor dada. Un valor típico podría ser 24 para esta opción."
    },
    {
      "id": 45,
      "type": "single",
      "question": "Se pueden crear múltiples diseños de servidor dentro de un archivo de configuración X. ¿Qué opción se usa para diferenciar entre las diferentes opciones de diseño de servidor?",
      "options": [
        { "label": "a", "text": "ID", "correct": false },
        { "label": "b", "text": "identifier", "correct": true },
        { "label": "c", "text": "LayoutName", "correct": false },
        { "label": "d", "text": "Layout", "correct": false }
      ],
      "feedback": "La opción Identifier proporciona una descripción única de cada uno de los diseños de servidor en una configuración X. Las otras opciones mostradas para esta pregunta no existen."
    },
    {
      "id": 46,
      "type": "single",
      "question": "¿Qué comando se puede usar para crear una definición de archivo fonts.scale cuando se ejecuta contra el directorio actual?",
      "options": [
        { "label": "a", "text": "mkfontscale", "correct": true },
        { "label": "b", "text": "mk.fonts", "correct": false },
        { "label": "c", "text": "mkfontfile", "correct": false },
        { "label": "d", "text": "fontmk", "correct": false }
      ],
      "feedback": "El comando mkfontscale creará un archivo fonts.scale que describe fuentes de contorno en el sistema, y se usa para la configuración de fuentes que se agregan manualmente al sistema."
    },
    {
      "id": 47,
      "type": "single",
      "question": "¿Cuál es la abreviatura utilizada en X para significar una pantalla que utiliza características adicionales como capacidades extendidas de ahorro de energía?",
      "options": [
        { "label": "a", "text": "DPMS", "correct": true },
        { "label": "b", "text": "XPMS", "correct": false },
        { "label": "c", "text": "DISPPWR", "correct": false },
        { "label": "d", "text": "PWRD", "correct": false }
      ],
      "feedback": "Display Power Management Signaling (DPMS) habilita modos adicionales de ahorro de energía, como un modo de suspensión completo, que permite una mayor eficiencia energética para la pantalla."
    },
    {
      "id": 48,
      "type": "single",
      "question": "¿Cuál es el nombre de la función de accesibilidad que proporciona una alternativa al programa Orca para ayudar a usuarios con discapacidades visuales?",
      "options": [
        { "label": "a", "text": "Viz", "correct": false },
        { "label": "b", "text": "Emacspeak", "correct": true },
        { "label": "c", "text": "Ahleah", "correct": false },
        { "label": "d", "text": "vAssist", "correct": false }
      ],
      "feedback": "El programa Emacspeak proporciona otra tecnología de asistencia visual como alternativa a Orca. Las otras tecnologías listadas aquí no están relacionadas con visualización o tecnologías de asistencia."
    }
  ]
}
