{
  "id": "1",
  "title": "Topic 102 - linux Installation and Package Management",
  "questions": [
    {
      "id": 1,
      "type": "single",
      "question": "¿Cuál es la capital de España?",
      "options": [
        { "label": "a", "text": "Madrid", "correct": true },
        { "label": "b", "text": "Barcelona", "correct": false },
        { "label": "c", "text": "Valencia", "correct": false }
      ],
      "feedback": "La capital de España es Madrid, que es también la ciudad más grande del país."
    },
    {
      "id": 2,
      "type": "multiple",
      "question": "¿Cuáles son lenguajes de programación?",
      "options": [
        { "label": "a", "text": "Python", "correct": true },
        { "label": "b", "text": "HTML", "correct": false },
        { "label": "c", "text": "Java", "correct": true },
        { "label": "d", "text": "CSS", "correct": false }
      ],
      "feedback": "Python y Java son lenguajes de programación; HTML y CSS son lenguajes de marcado y estilos."
    },
    {
      "id": 3,
      "type": "text",
      "question": "¿Cómo se llama la red de computadoras global?",
      "answer": "Internet",
      "feedback": "Internet es la red mundial de computadoras que permite la comunicación global."
    }
  ]
}
